relative_path,bytes,sha256
core_episode_results.csv,23790,607e7f8c282cbe2a5a6a68745a929ee61728af2862e82a07294e17c20c55d7fd
mechanism_validation.csv,2494,0e948c0ba60c6406a52ded2f5d8bfd8fb81e8a7a0ef6d296c72f4e2504b3674c
observation_ablation.csv,4133,8486aff3b3cc9ae8fff281fc6f2f2b48524944522b72bda9f100e907c81cf189
provenance.json,8415,2f9a50dfd42c0a03d85dc2e0eb9f7b2b28903ba1fdb2eecc6b06734995161379
README.md,2645,4a49104afa08d75c97031e26ef9ecc45e2acb8e95e045c1800f47e433444ab21
run_integrity.json,591,ecabd20d918550e6bef635c3d72629d45a380521c75aa51fd08f34b11bb5d06f
speech_results.csv,1485,09bbe2a77c257ccfec355023cd4f36848f340e493dfd72adc770f75dca542674
summary.csv,993,b9e52292d4b62f34d3c52c8637ed254fcf443dac023474f276fd5cf7d4dc3525
temporal_results.csv,14558,5ac06e84711da6edf08ec34fe0f72d71c73c1e92636535cbf87a468587de89ce
